[
    {
        "name": "Crime And Punishment",
        "price": 427.32,
        "description": "Nothing in the world is harder than speaking the truth nothing easier than flattery.",
        "Author": "by Fyodor Dostoyevsky ",
        "ratings": 4.7,
        "images": [
            {
                "image": "/images/products/1.jpg"
            }
        ],
        "category": "Book",
        "seller": "BookBuy",
        "stock": 10,
        "numOfReviews": 15,
        "reviews": []
        
    },
    {
        "name": "Uncle Tom's Cabin",
        "price": 351.43,
        "description": "Stowe’s literary prowess and dedication to advocacy make her a revered figure in American letters, with her works standing as a testament to her enduring legacy in shaping the course of history.",
        "Author": "by Harriet Beecher Stowe",
        "ratings": 4.3,
        "images": [
            {
                "image": "/images/products/2.jpg"
            }
        ],
        "category": "Book",
        "seller": "BookBuy",
        "stock": 7,
        "numOfReviews": 10,
        "reviews": []
        
    },
    {
        "name": "Speeches and Writings of Swami Vivekananda",
        "price": 2785.22,
        "description": "A Comprehensive Collection",
        "ratings": 4.0,
        "Author": "by Swami Vivekananda",
        "images": [
            {
                "image": "/images/products/3.jpg"
            }
        ],
        "category": "Book",
        "seller": "BookBuy",
        "stock": 18,
        "numOfReviews": 5,
        "reviews": []
        
    },
    {
        "name": "Harry Potter and the Half-Blood Prince",
        "price": 458.78,
        "description": "It's time to PASS THE MAGIC ON - with brand new children's editions of the classic and internationally bestselling series",
        "ratings": 4.8,
        "Author": "by J.K. Rowling ",
        "images": [
            {
                "image": "/images/products/4.webp"
            }
        ],
        "category": "Book",
        "seller": "BookBuy",
        "stock": 10,
        "numOfReviews": 50,
        "reviews": []
        
    },
    {
        "name": "Harry Potter and the Prisoner of Azkaban",
        "price": 2202.33,
        "description": " Return to Hogwarts in this stunning edition of Harry Potter and the Prisoner of Azkaban.",
        "ratings": 4.9,
        "Author": "by J.K. Rowling",
        "images": [
            {
                "image": "/images/products/5.jpg"
            }
        ],
        "category": "Book",
        "seller": "BookBuy",
        "stock": 5,
        "numOfReviews": 45,
        "reviews": []
        
    },
    {
        "name": "Harry Potter and the Deathly Hallows",
        "price": 1894.01,
        "description": "Harry Potter is preparing to leave the Dursleys and Privet Drive for the last time. But the future that awaits him is full of danger, not only for him, but for anyone close to him – and Harry has already lost so much. ",
        "ratings": 4.8,
        "Author": "by J.K. Rowling ",
        "images": [
            {
                "image": "/images/products/6.webp"
            }
        ],
        "category": "Book",
        "seller": "BookBuy",
        "stock": 12,
        "numOfReviews": 35,
        "reviews": []
        
    },
    {
        "name": "The Machine That Changed the World",
        "price": 1199.04,
        "description": "The Story of Lean Production-- Toyota's Secret Weapon in the Global Car Wars That Is Now Revolutionizing World Industry",
        "ratings": 4.6,
        "Author": "by James P. Womack",
        "images": [
            {
                "image": "/images/products/7.webp"
            }
        ],
        "category": "Book",
        "seller": "BookBuy",
        "stock": 8,
        "numOfReviews": 30,
        "reviews": []
        
    },
    {
        "name": "H-Point: The Fundamentals of Car Design & Packaging",
        "price": 4200.05,
        "description": "Stuart Macey's career in the automotive industry has spanned three decades, designing cars and trucks for over thirty brands, in five countries.",
        "ratings": 4.7,
        "Author": "by Stuart Macey",
        "images": [
            {
                "image": "/images/products/8.webp"
            }
        ],
        "category": "Book",
        "seller": "BookBuy",
        "stock": 38,
        "numOfReviews": 20,
        "reviews": []
        
    },
    {
        "name": "100 Cars That Changed the World",
        "price": 1586.06,
        "description": "100 Cars That Changed the World showcases vehicles from the end of the nineteenth century to 2020",
        "ratings": 4.7,
        "Author": "by Publications International Ltd ",
        "images": [
            {
                "image": "/images/products/9.jpg"
            }
        ],
        "category": "Book",
        "seller": "BookBuy",
        "stock": 17,
        "numOfReviews": 5,
        "reviews": []
        
    },
    {
        "name": "THE DREAM 100 FROM EVO AND OCTANE ",
        "price": 809.23,
        "description": "Explore the 100 greatest cars of all time, with every single one tried, tested, argued over and chosen by the respected experts at evo and Octane magazines.",
        "ratings": 4.5,
        "Author": "by evo Magazine, Octane Magazine",
        "images": [
            {
                "image": "/images/products/10.jpg"
            }
        ],
        "category": "Book",
        "seller": "BookBuy",
        "stock": 5,
        "numOfReviews": 7,
        "reviews": []
        
    },
    {
        "name": "How to Build a Car",
        "price": 1433.45,
        "description": "The Autobiography of the World’s Greatest Formula 1 Designer: The Autobiography of the World’s Greatest Formula 1 Designer",
        "ratings": 4.7,
        "Author": "by Adrian Newey",
        "images": [
            {
                "image": "/images/products/11.jpg"
            }
        ],
        "category": "Book",
        "seller": "BookBuy",
        "stock": 11,
        "numOfReviews": 9,
        "reviews": []
        
    },
    {
        "name": "The Magic Of The Lost Temple",
        "price": 185.50,
        "description": "Discover the magic of the lost temple. Are you a curious reader, ready to explore the depths of the magic hidden in the lost temple of Karnataka? ",
        "ratings": 4.6,
        "Author": "by Sudha Murty",
        "images": [
            {
                "image": "/images/products/12.webp"
            }
        ],
        "category": "Book",
        "seller": "BookBuy",
        "stock": 30,
        "numOfReviews": 13,
        "reviews": []
        
    },
    {
        "name": "Grandparents' Bag of Stories",
        "price": 156.05,
        "description": "It's 2020 and children are stuck indoors as the novel coronavirus finds its way into India. ",
        "ratings": 4.7,
        "Author": "by Sudha Murty",
        "images": [
            {
                "image": "/images/products/13.jpg"
            }
        ],
        "category": "Book",
        "seller": "BookBuy",
        "stock": 22,
        "numOfReviews": 15,
        "reviews": []
        
    },
    {
        "name": "Porsche 911: 50 Years",
        "price": 3282.92,
        "description": "Porsche 911: 50 Years tells the whole story—design and development, racing and competition, engineering and technology, style and culture.",
        "ratings": 4.8,
        "Author": "by Randy Leffingwell ",
        "images": [
            {
                "image": "/images/products/14.jpg"
            }
        ],
        "category": "Book",
        "seller": "BookBuy",
        "stock": 22,
        "numOfReviews": 8,
        "reviews": []
        
    },
    {
        "name": "Rolex Philosophy",
        "price": 4272.89,
        "description": "Rolex, the great creation of inventor and entrepreneur Hans Wilsdorf, is a worldwide phenomenon.",
        "ratings": 4.3,
        "Author": "by Mara Cappelletti ",
        "images": [
            {
                "image": "/images/products/15.jpg"
            }
        ],
        "category": "Book",
        "seller": "BookBuy",
        "stock": 6,
        "numOfReviews": 6,
        "reviews": []
        
    }
]